<Module>
  <Name value="Buy Troops"/>
  <Id value="BuyTroops"/>
  <Version value="v1.3.11.104966"/>
  <SingleplayerModule value="true"/>
  <MultiplayerModule value="false"/>

  <DependedModules>
    <DependedModule Id="Native"/>
    <DependedModule Id="SandBoxCore"/>
    <DependedModule Id="Sandbox"/>
    <DependedModule Id="CustomBattle"/>
    <DependedModule Id="StoryMode"/>
  </DependedModules>

  <OptionalDependedModules>
    <OptionalDependedModule Id="WarSails"/>
  </OptionalDependedModules>

  <SubModules>
    <SubModule>
      <Name value="BuyTroops"/>
      <DLLName value="BuyTroops.dll"/>
      <SubModuleClassType value="BuyTroops.Base"/>
      <Tags>
        <Tag key="DedicatedServerType" value="none"/>
        <Tag key="IsNoRenderModeElement" value="false"/>
      </Tags>
    </SubModule>
  </SubModules>

  <Xmls/>
</Module>
